"","rsi","sma","lma","adx","macd","signal","Date","High","Low","Open","Close","Volume","yhat","us_china","trump","malaysia","Score","target_cls","class"
"34",60.5,5.1,5.1,51.3,0.1537,0.15,"2017-02-21",5.139999866,5.079999924,5.119999886,5.079999924,7434400,4.806146204,61.71428571,27.85714286,44.57142857,0,0,-1
"35",57.7,5.1,5.1,50.5,0.1324,0.1489,"2017-02-22",5.130000114,5.039999962,5.090000153,5.079999924,19755600,4.825353277,60.57142857,27.28571429,44.85714286,0,1,1
"36",57.3,5.1,5.1,48.9,0.1106,0.1465,"2017-02-23",5.099999905,5.070000172,5.090000153,5.090000153,8821800,4.851141399,59.42857143,26.71428571,45.14285714,0,0,-1
"37",58.6,5.1,5.1,47.4,0.0839,0.1407,"2017-02-24",5.110000134,5.059999943,5.079999924,5.079999924,11758700,4.868932561,58.28571429,26.14285714,45.42857143,0,0,-1
"38",52.7,5.1,5.1,46,0.0548,0.1305,"2017-02-27",5.110000134,4.940000057,5.070000172,4.940000057,8797100,4.877882537,57.28571429,24.85714286,45.57142857,0,1,1
"39",23.5,5.1,5.1,43,0.0333,0.117,"2017-02-28",5.010000229,4.909999847,4.949999809,4.96999979,19316000,4.905993431,58.57142857,24.71428571,45.14285714,1,1,1
"40",29.3,5,5.1,40.5,0.0229,0.1019,"2017-03-01",5.110000134,5.010000229,5.039999962,5.090000153,19179100,4.949111621,59.85714286,24.57142857,44.71428571,1,1,1
"41",51.8,5,5,38.4,0.0262,0.0868,"2017-03-02",5.269999981,5.110000134,5.110000134,5.199999809,19108700,4.9916596,61.14285714,24.42857143,44.28571429,0,1,1
"42",64,5.1,5,37.9,0.0331,0.0723,"2017-03-03",5.25,5.130000114,5.21999979,5.21999979,17092100,5.021310483,62.42857143,24.28571429,43.85714286,0,1,1
"43",66.4,5.1,5.1,37.5,0.0652,0.0625,"2017-03-06",5.5,5.210000038,5.230000019,5.460000038,29294400,5.082846963,64.57142857,24.42857143,42.42857143,0,0,-1
"44",80.8,5.2,5.1,38.6,0.0992,0.0588,"2017-03-07",5.480000019,5.389999866,5.46999979,5.449999809,21801600,5.118468414,64.14285714,24.85714286,41.85714286,0,0,-1
"45",80.7,5.3,5.2,39.5,0.1472,0.0629,"2017-03-08",5.440000057,5.360000134,5.389999866,5.369999886,13200500,5.15265134,63.71428571,25.28571429,41.28571429,0,1,1
"46",70.6,5.3,5.3,40,0.1912,0.0748,"2017-03-09",5.429999828,5.349999905,5.360000134,5.380000114,11297800,5.176484774,63.28571429,25.71428571,40.71428571,1,0,-1
"47",71.5,5.4,5.3,40.3,0.2158,0.0927,"2017-03-10",5.409999847,5.309999943,5.400000095,5.369999886,17860300,5.191454111,62.85714286,26.14285714,40.14285714,0,1,1
"48",70.3,5.4,5.4,40,0.227,0.1142,"2017-03-13",5.420000076,5.369999886,5.369999886,5.400000095,16426700,5.268942962,60.28571429,26.28571429,38.85714286,0,1,1
"49",72.7,5.4,5.4,39.8,0.2383,0.1381,"2017-03-14",5.46999979,5.369999886,5.400000095,5.420000076,21192000,5.300399786,58.57142857,25.57142857,38.71428571,0,0,-1
"50",74.5,5.4,5.4,39.9,0.209,0.1584,"2017-03-15",5.400000095,5.349999905,5.400000095,5.360000134,9596400,5.318640481,56.85714286,24.85714286,38.57142857,0,1,1
"51",64.1,5.4,5.4,39.7,0.2052,0.1776,"2017-03-16",5.590000153,5.400000095,5.400000095,5.590000153,49447300,5.323903073,55.14285714,24.14285714,38.42857143,0,1,1
"52",78.4,5.4,5.4,40.6,0.2202,0.1948,"2017-03-17",5.769999981,5.579999924,5.590000153,5.650000095,54988200,5.325893602,53.42857143,23.42857143,38.28571429,0,0,-1
"53",81.5,5.5,5.4,42.1,0.2368,0.2101,"2017-03-20",5.829999924,5.619999886,5.670000076,5.650000095,30954400,5.360394887,53.71428571,22,40,0,0,-1
"54",81.1,5.5,5.5,43.7,0.2584,0.2224,"2017-03-21",5.730000019,5.619999886,5.659999847,5.650000095,15961200,5.36343047,57.42857143,22,42,0,0,-1
"55",80.6,5.6,5.5,45.2,0.2704,0.2312,"2017-03-22",5.630000114,5.550000191,5.599999905,5.599999905,22453200,5.36000671,61.14285714,22,44,0,0,-1
"56",70.2,5.6,5.6,45.6,0.2796,0.2383,"2017-03-23",5.699999809,5.599999905,5.630000114,5.599999905,24020000,5.36090153,79.42857143,21.71428571,51.57142857,0,1,1
"57",69.4,5.6,5.6,46.3,0.2963,0.246,"2017-03-24",5.659999847,5.610000134,5.650000095,5.619999886,11266800,5.374367511,82.85714286,21.42857143,51.14285714,0,0,-1
"58",70.6,5.6,5.6,46.9,0.2798,0.2506,"2017-03-27",5.71999979,5.619999886,5.639999866,5.619999886,15788500,5.415832123,86.28571429,21.14285714,50.71428571,0,0,-1
"59",71.7,5.6,5.6,47.7,0.2489,0.2551,"2017-03-28",5.630000114,5.550000191,5.610000134,5.559999943,13847000,5.401594861,89.71428571,20.85714286,50.28571429,0,1,1
"60",57.2,5.6,5.6,47.5,0.2197,0.2567,"2017-03-29",5.610000134,5.559999943,5.570000172,5.579999924,16857800,5.38600706,93.14285714,20.57142857,49.85714286,0,1,1
"61",59,5.6,5.6,47.3,0.1915,0.2535,"2017-04-03",5.630000114,5.519999981,5.559999943,5.590000153,14029300,5.422084592,98.28571429,19.57142857,47.28571429,0,0,-1
"62",59.2,5.6,5.6,46.6,0.1687,0.2459,"2017-04-04",5.610000134,5.550000191,5.590000153,5.570000172,26709600,5.40752708,96.57142857,19.14285714,45.57142857,0,0,-1
"63",51.5,5.6,5.6,45.9,0.1446,0.2333,"2017-04-05",5.579999924,5.550000191,5.570000172,5.559999943,29113900,5.397718528,94.85714286,18.71428571,43.85714286,0,0,-1
"64",45.6,5.6,5.6,45.2,0.1048,0.2149,"2017-04-06",5.570000172,5.480000019,5.559999943,5.489999771,22467000,5.398423063,93.14285714,18.28571429,42.14285714,0,0,-1
"65",27.2,5.6,5.6,43.6,0.0631,0.1908,"2017-04-07",5.519999981,5.429999828,5.480000019,5.460000038,19226800,5.403610068,91.42857143,17.85714286,40.42857143,0,1,1
"66",16.4,5.5,5.6,41.4,0.0357,0.1619,"2017-04-10",5.5,5.449999809,5.460000038,5.46999979,10645500,5.378118283,84.57142857,17,37.14285714,0,0,-1
"67",18.8,5.5,5.5,39.4,0.0085,0.1317,"2017-04-11",5.5,5.420000076,5.480000019,5.460000038,8374500,5.373213719,81.14285714,17,37.28571429,0,1,1
"68",17.6,5.5,5.5,37.1,-0.0182,0.102,"2017-04-12",5.46999979,5.429999828,5.460000038,5.46999979,9352800,5.381292902,77.71428571,17,37.42857143,0,0,-1
"69",22.5,5.5,5.5,35,-0.0423,0.0729,"2017-04-13",5.46999979,5.329999924,5.46999979,5.380000114,24831200,5.39517075,74.28571429,17,37.57142857,0,0,-1
"70",13.7,5.4,5.5,33.2,-0.0653,0.0444,"2017-04-14",5.400000095,5.320000172,5.380000114,5.380000114,8596800,5.402962765,70.85714286,17,37.71428571,0,1,1
"71",13,5.4,5.4,31.6,-0.0741,0.0174,"2017-04-17",5.480000019,5.369999886,5.369999886,5.449999809,8019100,5.386712286,62.28571429,16.85714286,37.42857143,0,1,1
"72",36.9,5.4,5.4,29.6,-0.0751,-0.007,"2017-04-18",5.5,5.460000038,5.5,5.480000019,11131900,5.394190839,60.57142857,16.71428571,36.85714286,0,0,-1
"73",45.4,5.4,5.4,27.9,-0.0779,-0.0273,"2017-04-19",5.5,5.449999809,5.46999979,5.480000019,4937700,5.407721946,58.85714286,16.57142857,36.28571429,0,1,1
"74",47,5.4,5.4,26.2,-0.076,-0.0428,"2017-04-20",5.53000021,5.460000038,5.460000038,5.5,9097700,5.418147788,57.14285714,16.42857143,35.71428571,0,1,1
"75",53.1,5.5,5.4,25,-0.0634,-0.0538,"2017-04-21",5.650000095,5.53000021,5.53000021,5.610000134,12234500,5.42259465,55.42857143,16.28571429,35.14285714,0,1,1
"76",72,5.5,5.5,25.1,-0.038,-0.0589,"2017-04-24",5.630000114,5.630000114,5.630000114,5.630000114,0,5.479982691,52.85714286,16.85714286,34.28571429,0,1,1
"77",76.4,5.5,5.5,25.2,0.0087,-0.0559,"2017-04-25",5.809999943,5.650000095,5.71999979,5.75,23817500,5.51822923,53.28571429,17.28571429,34.42857143,0,0,-1
"78",86.1,5.6,5.5,26.6,0.0477,-0.0459,"2017-04-26",5.789999962,5.739999771,5.769999981,5.75,18217900,5.546600522,53.71428571,17.71428571,34.57142857,0,0,-1
"79",88.7,5.6,5.6,27.9,0.0824,-0.0295,"2017-04-27",5.820000172,5.75,5.789999962,5.75,15391200,5.558511492,54.14285714,18.14285714,34.71428571,1,0,-1
"80",90.5,5.7,5.6,29.3,0.1161,-0.0084,"2017-04-28",5.800000191,5.739999771,5.78000021,5.739999771,14800400,5.562136229,53.57142857,20,35.85714286,0,1,1
"81",88.5,5.7,5.7,30.4,0.1596,0.0177,"2017-05-02",5.940000057,5.75,5.800000191,5.880000114,21615500,5.68235469,52.14285714,21,36.71428571,0,0,-1
"82",93.9,5.8,5.7,32.2,0.1801,0.0464,"2017-05-03",5.960000038,5.78000021,5.909999847,5.809999943,9946600,5.705337452,49.28571429,23,38.42857143,0,0,-1
"83",78.2,5.8,5.8,33.9,0.1964,0.0766,"2017-05-04",5.840000153,5.710000038,5.809999943,5.789999962,16082200,5.714069374,47.85714286,24,39.28571429,0,1,1
"84",74.4,5.8,5.8,34.5,0.1977,0.1056,"2017-05-05",5.840000153,5.739999771,5.78000021,5.809999943,16025700,5.720334012,44.42857143,25.85714286,40.42857143,0,1,1
"85",74.7,5.8,5.8,35,0.1987,0.1319,"2017-05-08",5.849999905,5.809999943,5.820000172,5.829999924,14414400,5.776114616,43.85714286,25.71428571,39.85714286,0,1,1
"86",74.9,5.8,5.8,35.5,0.2026,0.1535,"2017-05-09",5.880000114,5.840000153,5.840000153,5.849999905,17008100,5.78498289,43.28571429,25.57142857,39.28571429,0,1,1
"87",75.6,5.8,5.8,36.2,0.2146,0.172,"2017-05-11",5.980000019,5.900000095,5.929999828,5.909999847,25853800,5.787216974,42.71428571,25.42857143,38.71428571,0,1,1
"88",79.4,5.8,5.8,37.4,0.21,0.1862,"2017-05-12",5.960000038,5.909999847,5.929999828,5.949999809,19914800,5.800515128,42.14285714,25.28571429,38.14285714,0,0,-1
"89",81.4,5.9,5.8,38.6,0.214,0.1971,"2017-05-15",5.96999979,5.920000076,5.949999809,5.940000057,7276600,5.856453624,40.57142857,25,37.71428571,0,1,1
"90",77.8,5.9,5.9,39.7,0.2212,0.2039,"2017-05-16",5.989999771,5.920000076,5.960000038,5.96999979,16644000,5.857447276,40.14285714,25,38.42857143,0,0,-1
"91",80,5.9,5.9,40.8,0.2224,0.2086,"2017-05-17",5.96999979,5.929999828,5.96999979,5.949999809,7486500,5.858367064,39.71428571,25,39.14285714,0,0,-1
"92",73.3,5.9,5.9,41.9,0.22,0.2112,"2017-05-18",5.96999979,5.900000095,5.900000095,5.940000057,24938900,5.868849136,39.28571429,25,39.85714286,0,1,1
"93",70.2,5.9,5.9,42.3,0.2165,0.2133,"2017-05-19",5.989999771,5.929999828,5.949999809,5.960000038,29244400,5.889214971,38.85714286,25,40.57142857,0,0,-1
"94",73.1,6,5.9,42.7,0.2037,0.2139,"2017-05-22",5.989999771,5.940000057,5.989999771,5.949999809,12673800,5.94256698,41.71428571,24.57142857,41.71428571,1,1,1
"95",69.3,6,6,43.2,0.186,0.212,"2017-05-23",6.010000229,5.909999847,5.949999809,5.989999771,18033400,5.965046557,49.14285714,23.71428571,41.14285714,0,1,1
"96",75.6,6,6,42.9,0.1843,0.2087,"2017-05-24",6.230000019,5.949999809,6,6.130000114,27869200,6.00375592,52.85714286,23.28571429,40.85714286,1,1,1
"97",88.2,6,6,44.1,0.2008,0.2076,"2017-05-25",6.429999828,6.170000076,6.239999771,6.320000172,33326500,6.054898142,56.57142857,22.85714286,40.57142857,0,1,1
"98",93.4,6.1,6,45.9,0.2245,0.2088,"2017-05-26",6.400000095,6.289999962,6.300000191,6.349999905,26516100,6.10447376,61.42857143,21.71428571,39.42857143,0,0,-1
"99",94,6.1,6.1,47.7,0.2486,0.2119,"2017-05-29",6.360000134,6.309999943,6.349999905,6.340000153,11919500,6.185919361,58.85714286,21.42857143,38.85714286,0,1,1
"100",91.8,6.2,6.1,49.3,0.2768,0.2179,"2017-05-31",6.400000095,6.289999962,6.300000191,6.400000095,47276500,6.279547135,56.28571429,21.14285714,38.28571429,0,1,1
"101",93.2,6.3,6.2,50.9,0.3212,0.2292,"2017-06-01",6.539999962,6.369999886,6.380000114,6.5,20931900,6.340440772,53.71428571,20.85714286,37.71428571,0,1,1
"102",94.8,6.4,6.3,52.7,0.372,0.2464,"2017-06-02",6.679999828,6.5,6.5,6.610000134,23130300,6.390793412,51.14285714,20.57142857,37.14285714,1,1,1
"103",96.2,6.4,6.4,54.7,0.4221,0.2707,"2017-06-05",6.869999886,6.610000134,6.630000114,6.75,20839200,6.474196806,47.71428571,18.85714286,38.28571429,0,0,-1
"104",97.4,6.5,6.4,56.8,0.4441,0.2994,"2017-06-06",6.829999924,6.659999847,6.75,6.739999771,16414800,6.508519131,48.57142857,18.28571429,39.42857143,1,0,-1
"105",96,6.6,6.5,58.8,0.4586,0.3299,"2017-06-07",6.800000191,6.670000076,6.75,6.710000038,20957500,6.54430675,49.42857143,17.71428571,40.57142857,0,0,-1
"106",90.9,6.7,6.6,60.6,0.4699,0.3598,"2017-06-08",6.71999979,6.619999886,6.699999809,6.670000076,19777200,6.57050969,50.28571429,17.14285714,41.71428571,0,0,-1
"107",83.5,6.7,6.7,61.5,0.474,0.3875,"2017-06-09",6.679999828,6.550000191,6.659999847,6.630000114,20974800,6.582952479,51.14285714,15.85714286,42.71428571,0,0,-1
"108",75.6,6.7,6.7,61.4,0.4589,0.4108,"2017-06-13",6.769999981,6.599999905,6.679999828,6.610000134,45231300,6.636827227,50.28571429,15.71428571,41.42857143,0,1,1
"109",70.5,6.7,6.7,61.5,0.4399,0.429,"2017-06-14",6.75,6.630000114,6.630000114,6.730000019,28389500,6.645803387,49.42857143,15.57142857,40.14285714,0,1,1
"110",75.9,6.7,6.7,61.6,0.4048,0.4383,"2017-06-15",6.860000134,6.739999771,6.75,6.760000229,30211600,6.638757467,48.57142857,15.42857143,38.85714286,1,0,-1
"111",75.9,6.7,6.7,62.1,0.3687,0.4379,"2017-06-16",6.78000021,6.730000019,6.769999981,6.730000019,34510100,6.621754733,47.71428571,15.28571429,37.57142857,0,0,-1
"112",68.9,6.7,6.7,62.3,0.3315,0.4278,"2017-06-19",6.730000019,6.650000095,6.730000019,6.670000076,14070900,6.590617036,49.71428571,15.14285714,36.14285714,0,0,-1
"113",57.5,6.7,6.7,61.5,0.2991,0.4117,"2017-06-20",6.699999809,6.619999886,6.670000076,6.639999866,18262700,6.5774248,53.42857143,15.28571429,37.28571429,0,1,1
"114",51,6.7,6.7,60.2,0.2751,0.3913,"2017-06-21",6.679999828,6.619999886,6.630000114,6.650000095,20196900,6.555115951,57.14285714,15.42857143,38.42857143,0,0,-1
"115",49.5,6.7,6.7,59.1,0.2535,0.3673,"2017-06-22",6.699999809,6.619999886,6.670000076,6.650000095,15637200,6.531542451,60.85714286,15.57142857,39.57142857,0,1,1
"116",46.1,6.7,6.7,58.2,0.219,0.3389,"2017-06-23",6.679999828,6.610000134,6.670000076,6.679999828,8934100,6.517929157,64.57142857,15.71428571,40.71428571,0,0,-1
"117",49.6,6.7,6.7,57.2,0.1774,0.3077,"2017-06-26",6.659999847,6.659999847,6.659999847,6.659999847,0,6.512363242,70.57142857,16.28571429,43.28571429,0,0,-1
"118",44.1,6.7,6.7,56.2,0.1397,0.2743,"2017-06-27",6.659999847,6.659999847,6.659999847,6.659999847,0,6.487246317,69.14285714,16.57142857,43.57142857,0,1,1
"119",44.8,6.7,6.7,55.3,0.1135,0.2419,"2017-06-28",6.829999924,6.639999866,6.75,6.679999828,21960600,6.453558068,67.71428571,16.85714286,43.85714286,0,0,-1
"120",51.4,6.7,6.7,55.5,0.0869,0.2106,"2017-06-29",6.690000057,6.630000114,6.690000057,6.639999866,8854900,6.427759276,66.28571429,17.14285714,44.14285714,0,0,-1
"121",41.5,6.7,6.7,55.4,0.0542,0.1798,"2017-06-30",6.670000076,6.429999828,6.659999847,6.579999924,15453000,6.419975525,64.85714286,17.42857143,44.42857143,0,0,-1
"122",29.4,6.6,6.7,52.7,0.0207,0.1489,"2017-07-03",6.570000172,6.400000095,6.480000019,6.519999981,15299600,6.417417053,67,17.57142857,46.57142857,0,0,-1
"123",20.2,6.6,6.6,49.8,-0.0109,0.1171,"2017-07-04",6.570000172,6.489999771,6.539999962,6.510000229,24469900,6.393494792,72,17.14285714,48.14285714,0,0,-1
"124",15.9,6.6,6.6,47.2,-0.0385,0.0847,"2017-07-05",6.519999981,6.489999771,6.510000229,6.510000229,11837400,6.368566435,77,16.71428571,49.71428571,0,1,1
"125",14.9,6.6,6.6,44.7,-0.0571,0.054,"2017-07-06",6.599999905,6.5,6.510000229,6.599999905,12243100,6.353217463,82,16.28571429,51.28571429,0,0,-1
"126",44.7,6.5,6.6,43.1,-0.0814,0.0252,"2017-07-07",6.599999905,6.539999962,6.590000153,6.550000191,13557000,6.34701104,87,15.85714286,52.85714286,0,0,-1
"127",37.7,6.5,6.5,41.7,-0.0983,-0.0012,"2017-07-10",6.550000191,6.480000019,6.53000021,6.53000021,12319500,6.300507224,93.57142857,15.42857143,55,0,0,-1
"128",35,6.5,6.5,39.5,-0.117,-0.0268,"2017-07-11",6.5,6.340000153,6.449999809,6.389999866,25819500,6.280410399,90.14285714,15.85714286,54,0,0,-1
"129",21.9,6.5,6.5,37.3,-0.1301,-0.0509,"2017-07-12",6.400000095,6.289999962,6.400000095,6.309999943,20729200,6.272673412,86.71428571,16.28571429,53,0,1,1
"130",17.3,6.5,6.5,35.7,-0.139,-0.0724,"2017-07-13",6.369999886,6.300000191,6.329999924,6.340000153,23927300,6.275638337,83.28571429,16.71428571,52,0,0,-1
"131",22.9,6.4,6.5,34.2,-0.149,-0.0913,"2017-07-14",6.409999847,6.309999943,6.389999866,6.340000153,12973100,6.278380436,79.85714286,17.14285714,51,0,0,-1
"132",22.9,6.4,6.4,32.3,-0.1797,-0.11,"2017-07-17",6.369999886,6.239999771,6.349999905,6.28000021,10224700,6.237517523,73.28571429,17.85714286,47.57142857,0,1,1
"133",19.2,6.3,6.4,31.3,-0.1996,-0.1279,"2017-07-18",6.349999905,6.289999962,6.329999924,6.329999924,13756700,6.23062124,73.57142857,17.71428571,46.14285714,0,1,1
"134",29.6,6.3,6.3,30.2,-0.208,-0.1447,"2017-07-19",6.5,6.349999905,6.360000134,6.420000076,12896400,6.233639844,73.85714286,17.57142857,44.71428571,0,0,-1
"135",45.3,6.3,6.3,28.5,-0.2033,-0.1582,"2017-07-20",6.449999809,6.300000191,6.449999809,6.309999943,21321100,6.238308444,74.14285714,17.42857143,43.28571429,0,1,1
"136",36,6.3,6.3,26.5,-0.1818,-0.1675,"2017-07-21",6.389999866,6.329999924,6.349999905,6.349999905,20201300,6.237546982,74.42857143,17.28571429,41.85714286,0,0,-1
"137",41.9,6.3,6.3,24.7,-0.1668,-0.173,"2017-07-24",6.400000095,6.329999924,6.389999866,6.340000153,8340100,6.258173785,77.42857143,16.71428571,39.28571429,0,1,1
"138",41.3,6.4,6.3,23,-0.1541,-0.1757,"2017-07-24",6.400000095,6.329999924,6.389999866,6.340000153,8340100,6.258173785,77.42857143,16.71428571,39.28571429,0,1,1
"139",41.7,6.4,6.4,21.4,-0.134,-0.1752,"2017-07-24",6.400000095,6.329999924,6.389999866,6.340000153,8340100,6.258173785,77.42857143,16.71428571,39.28571429,0,1,1
"140",42.2,6.3,6.4,19.9,-0.1196,-0.1719,"2017-07-25",6.449999809,6.329999924,6.409999847,6.349999905,11523200,6.290294593,79.85714286,16.42857143,39.57142857,0,1,1
"141",46.4,6.3,6.3,19.1,-0.1129,-0.1645,"2017-07-26",6.400000095,6.349999905,6.380000114,6.400000095,10637600,6.320529481,82.28571429,16.14285714,39.85714286,0,1,1
"142",58.3,6.4,6.3,18.4,-0.0694,-0.15,"2017-07-27",6.610000134,6.429999828,6.429999828,6.590000153,25349300,6.336668213,84.71428571,15.85714286,40.14285714,0,1,1
"143",79.6,6.4,6.4,19.6,-0.0272,-0.1299,"2017-07-28",6.730000019,6.570000172,6.599999905,6.639999866,60290200,6.339547584,87.14285714,15.57142857,40.42857143,0,0,-1
"144",84,6.5,6.4,21.4,0.007,-0.1065,"2017-07-31",6.699999809,6.5,6.699999809,6.550000191,27703200,6.397629853,88.28571429,16.42857143,42.14285714,0,0,-1
"145",68.4,6.5,6.5,22.2,0.0379,-0.0821,"2017-08-01",6.639999866,6.510000229,6.599999905,6.510000229,13198400,6.439742885,84.57142857,17.85714286,43.28571429,0,1,1
"146",62.7,6.5,6.5,23,0.0724,-0.0555,"2017-08-02",6.570000172,6.53000021,6.539999962,6.559999943,14161200,6.472035659,80.85714286,19.28571429,44.42857143,0,1,1
"147",67.3,6.6,6.5,23.7,0.1073,-0.0265,"2017-08-03",6.599999905,6.510000229,6.559999943,6.599999905,11286300,6.488307337,77.14285714,20.71428571,45.57142857,0,1,1
"148",70.3,6.6,6.6,24.5,0.1349,0.0034,"2017-08-04",6.769999981,6.599999905,6.670000076,6.619999886,12685200,6.495997169,73.42857143,22.14285714,46.71428571,0,1,1
"149",72.3,6.6,6.6,26.3,0.1412,0.0324,"2017-08-07",6.710000038,6.619999886,6.639999866,6.679999828,8310400,6.553708059,63.57142857,24,56.28571429,1,1,1
"150",77.6,6.6,6.6,28,0.1487,0.0614,"2017-08-08",6.769999981,6.690000057,6.699999809,6.760000229,14608500,6.570703823,61.14285714,23,63.57142857,0,0,-1
"151",81.7,6.6,6.6,29.8,0.1726,0.0883,"2017-08-09",6.789999962,6.730000019,6.78000021,6.760000229,7135800,6.5760872,58.71428571,22,70.85714286,0,1,1
"152",81.9,6.7,6.6,31.6,0.2023,0.1138,"2017-08-10",6.78000021,6.699999809,6.760000229,6.78000021,6269900,6.576972449,56.28571429,21,78.14285714,0,1,1
"153",83.1,6.7,6.7,32.8,0.2262,0.1382,"2017-08-11",6.800000191,6.699999809,6.730000019,6.800000191,12182100,6.584620223,53.85714286,20,85.42857143,0,0,-1
"154",84.5,6.8,6.7,34,0.2369,0.1603,"2017-08-14",6.809999943,6.739999771,6.75,6.78000021,10078800,6.63965118,47.85714286,17.42857143,94.28571429,0,0,-1
"155",79,6.8,6.8,35.2,0.2417,0.1791,"2017-08-15",6.809999943,6.75,6.769999981,6.78000021,7486600,6.640235306,46.71428571,16.85714286,88.57142857,0,0,-1
"156",78.9,6.8,6.8,36.3,0.238,0.1936,"2017-08-16",6.789999962,6.730000019,6.789999962,6.769999981,10244200,6.633278823,45.57142857,16.28571429,82.85714286,0,0,-1
"157",75.1,6.8,6.8,36.9,0.2229,0.2034,"2017-08-17",6.809999943,6.730000019,6.769999981,6.769999981,7602600,6.629910683,44.42857143,15.71428571,77.14285714,0,0,-1
"158",76.7,6.8,6.8,37.7,0.2055,0.2105,"2017-08-18",6.769999981,6.690000057,6.710000038,6.769999981,7143000,6.63558721,43.28571429,15.14285714,71.42857143,0,0,-1
"159",79.8,6.8,6.8,37.6,0.1851,0.2146,"2017-08-21",6.769999981,6.71999979,6.75,6.75,10316000,6.64789089,43.42857143,13.85714286,57.85714286,0,0,-1
"160",66.5,6.8,6.8,37.5,0.1652,0.2138,"2017-08-22",6.769999981,6.71999979,6.769999981,6.75,10687900,6.645238487,45.85714286,13.71428571,55.71428571,0,0,-1
"161",61.8,6.8,6.8,37.4,0.143,0.2072,"2017-08-23",6.760000229,6.71999979,6.75,6.739999771,15680600,6.65345429,50.71428571,13.42857143,51.42857143,0,0,-1
"162",49.6,6.8,6.8,37.3,0.1202,0.1954,"2017-08-24",6.730000019,6.510000229,6.710000038,6.71999979,15095800,6.675312886,53.14285714,13.28571429,49.28571429,0,0,-1
"163",32.5,6.7,6.8,35.4,0.0984,0.18,"2017-08-25",6.71999979,6.619999886,6.699999809,6.71999979,5878200,6.700947426,56.57142857,12.14285714,48.42857143,0,1,1
"164",22.7,6.7,6.7,33.6,0.0829,0.1624,"2017-08-28",6.78000021,6.619999886,6.650000095,6.78000021,6736500,6.700163774,55.85714286,11.71428571,50.14285714,1,0,-1
"165",58.4,6.7,6.7,31.3,0.0591,0.1425,"2017-08-29",6.800000191,6.679999828,6.789999962,6.699999809,19642300,6.694557187,55.14285714,11.28571429,51.85714286,0,1,1
"166",32.9,6.7,6.7,29.3,0.0781,0.1264,"2017-08-31",7.079999924,7.079999924,7.079999924,7.079999924,0,6.7277925,54.42857143,10.85714286,53.57142857,0,0,-1
"167",79.6,6.8,6.7,29.9,0.0991,0.1146,"2017-09-01",7.079999924,7.079999924,7.079999924,7.079999924,0,6.745862357,50.71428571,10.57142857,55.57142857,0,0,-1
"168",80.1,6.9,6.8,30.5,0.0954,0.1046,"2017-09-05",7,6.710000038,7,6.760000229,15962400,6.705339857,48.42857143,11.14285714,54.14285714,0,0,-1
"169",47.5,6.9,6.9,29,0.0955,0.0969,"2017-09-06",6.809999943,6.71999979,6.760000229,6.75,6913300,6.700719987,46.14285714,11.71428571,52.71428571,0,1,1
"170",46.7,6.9,6.9,27.7,0.1088,0.0931,"2017-09-07",6.909999847,6.739999771,6.769999981,6.909999847,16763400,6.692363653,43.85714286,12.28571429,51.28571429,0,0,-1
"171",57,6.9,6.9,25.8,0.0963,0.0904,"2017-09-08",6.869999886,6.760000229,6.869999886,6.760000229,6675800,6.671747246,41.57142857,12.85714286,49.85714286,0,1,1
"172",47.4,6.9,6.9,24,0.0982,0.0904,"2017-09-11",6.809999943,6.760000229,6.760000229,6.769999981,10169400,6.589119843,37.57142857,14.42857143,46.71428571,0,1,1
"173",47.9,6.8,6.9,22.3,0.0505,0.0868,"2017-09-12",6.800000191,6.730000019,6.78000021,6.800000191,18131600,6.57601848,38.14285714,14.85714286,46.42857143,0,0,-1
"174",49.7,6.8,6.8,20.9,-0.0047,0.0797,"2017-09-13",6.800000191,6.71999979,6.78000021,6.71999979,5199900,6.560144669,38.71428571,15.28571429,46.14285714,0,1,1
"175",44.1,6.8,6.8,19.7,-0.0109,0.0698,"2017-09-14",6.760000229,6.710000038,6.739999771,6.730000019,7145000,6.531873019,39.28571429,15.71428571,45.85714286,0,1,1
"176",44.3,6.8,6.8,18.7,-0.0105,0.0576,"2017-09-15",6.75,6.53000021,6.730000019,6.75,25743300,6.491886997,39.85714286,16.14285714,45.57142857,0,0,-1
"177",45.3,6.8,6.8,19.2,-0.0393,0.0427,"2017-09-18",6.710000038,6.619999886,6.699999809,6.690000057,11429700,6.392081878,41.57142857,16.57142857,44.85714286,0,0,-1
"178",39.5,6.7,6.8,19.6,-0.0698,0.0243,"2017-09-19",6.670000076,6.460000038,6.650000095,6.460000038,20290300,6.367901855,42.14285714,16.14285714,44.71428571,0,0,-1
"179",25,6.7,6.7,20.9,-0.1167,-8e-04,"2017-09-20",6.369999886,6.21999979,6.320000172,6.309999943,72186200,6.337563372,42.71428571,15.71428571,44.57142857,0,1,1
"180",17.7,6.6,6.7,23.1,-0.1645,-0.0297,"2017-09-21",6.389999866,6.289999962,6.309999943,6.349999905,56228200,6.30393642,43.28571429,15.28571429,44.42857143,0,0,-1
"181",19.2,6.5,6.6,24.9,-0.2008,-0.063,"2017-09-22",6.349999905,6.349999905,6.349999905,6.349999905,0,6.277936896,43.85714286,14.85714286,44.28571429,0,0,-1
"182",18.8,6.4,6.5,26.6,-0.2431,-0.0956,"2017-09-25",6.349999905,6.260000229,6.349999905,6.309999943,61025200,6.271315656,43,14.14285714,43.71428571,0,1,1
"183",16.9,6.4,6.4,28.6,-0.2851,-0.1267,"2017-09-26",6.340000153,6.260000229,6.300000191,6.340000153,58168500,6.259027218,41,14.28571429,43.42857143,0,0,-1
"184",20.6,6.3,6.4,30.4,-0.3227,-0.1614,"2017-09-27",6.340000153,6.269999981,6.309999943,6.300000191,16930900,6.234407041,39,14.42857143,43.14285714,0,0,-1
"185",17.3,6.3,6.3,32,-0.3314,-0.197,"2017-09-28",6.349999905,6.269999981,6.300000191,6.269999981,21701200,6.211330097,37,14.57142857,42.85714286,1,1,1
"186",16.3,6.3,6.3,33.4,-0.3155,-0.2277,"2017-09-29",6.320000172,6.260000229,6.300000191,6.300000191,23282200,6.204577944,35,14.71428571,42.57142857,0,1,1
"187",22.5,6.3,6.3,34.8,-0.3016,-0.2535,"2017-10-02",6.349999905,6.289999962,6.300000191,6.340000153,17738300,6.247060438,32.85714286,14.85714286,42.42857143,0,1,1
"188",31.3,6.3,6.3,35.6,-0.2863,-0.2723,"2017-10-03",6.369999886,6.320000172,6.340000153,6.360000134,22027900,6.243212639,34.71428571,14.71428571,42.85714286,0,1,1
"189",37.2,6.3,6.3,36,-0.2601,-0.283,"2017-10-04",6.449999809,6.349999905,6.360000134,6.409999847,16795300,6.232033887,36.57142857,14.57142857,43.28571429,1,0,-1
"190",48.7,6.3,6.3,35.3,-0.2369,-0.287,"2017-10-05",6.420000076,6.369999886,6.400000095,6.400000095,11585600,6.226129589,38.42857143,14.42857143,43.71428571,0,1,1
"191",50.8,6.4,6.3,34.6,-0.2101,-0.2833,"2017-10-06",6.440000057,6.400000095,6.409999847,6.409999847,14384900,6.230885293,40.28571429,14.28571429,44.14285714,0,1,1
"192",58.3,6.4,6.4,33.7,-0.1632,-0.2698,"2017-10-09",6.460000038,6.409999847,6.409999847,6.420000076,15881900,6.23367999,43.28571429,13.85714286,45,0,0,-1
"193",67.8,6.4,6.4,32.6,-0.1353,-0.2489,"2017-10-10",6.329999924,6.25,6.300000191,6.28000021,8175400,6.221297003,42.57142857,13.71428571,45,0,1,1
"194",38.7,6.4,6.4,32.9,-0.1244,-0.2259,"2017-10-11",6.300000191,6.260000229,6.269999981,6.289999962,10968600,6.216204345,41.85714286,13.57142857,45,0,0,-1
"195",39.8,6.4,6.4,33.1,-0.1167,-0.2039,"2017-10-12",6.320000172,6.28000021,6.320000172,6.289999962,10931100,6.222477699,41.14285714,13.42857143,45,0,1,1
"196",39.3,6.3,6.4,33,-0.1069,-0.1822,"2017-10-13",6.329999924,6.289999962,6.300000191,6.320000172,13546900,6.232770937,40.42857143,13.28571429,45,0,0,-1
"197",46.4,6.3,6.3,32.8,-0.1097,-0.1626,"2017-10-16",6.340000153,6.230000019,6.340000153,6.239999771,8948300,6.205474445,40.42857143,13.42857143,46,0,0,-1
"198",32.9,6.3,6.3,33,-0.123,-0.1474,"2017-10-17",6.210000038,6.139999866,6.199999809,6.150000095,29179000,6.190582548,41.85714286,13.85714286,47,0,0,-1
"199",23.5,6.3,6.3,33.9,-0.1366,-0.1362,"2017-10-18",6.150000095,6.150000095,6.150000095,6.150000095,0,6.184776285,43.28571429,14.28571429,48,0,1,1
"200",21.8,6.2,6.3,34.6,-0.1301,-0.1273,"2017-10-19",6.210000038,6.150000095,6.199999809,6.179999828,35395900,6.183226263,44.71428571,14.71428571,49,0,1,1
"201",27.7,6.2,6.2,34.4,-0.1236,-0.1229,"2017-10-20",6.21999979,6.170000076,6.199999809,6.190000057,13239800,6.176909989,46.14285714,15.14285714,50,0,0,-1
"202",28.9,6.2,6.2,34,-0.1174,-0.1209,"2017-10-23",6.230000019,6.170000076,6.190000057,6.179999828,14523400,6.147075073,51.28571429,15.85714286,51.28571429,0,0,-1
"203",26.8,6.2,6.2,33.5,-0.1251,-0.121,"2017-10-24",6.210000038,6.050000191,6.199999809,6.110000134,22162300,6.158734441,53.57142857,15.71428571,50.57142857,0,0,-1
"204",19.5,6.2,6.2,34,-0.1313,-0.1226,"2017-10-25",6.119999886,6.019999981,6.110000134,6.099999905,10448000,6.174738314,55.85714286,15.57142857,49.85714286,0,0,-1
"205",18.7,6.2,6.2,34.7,-0.1355,-0.1258,"2017-10-26",6.099999905,6.039999962,6.090000153,6.050000191,10868800,6.180393959,58.14285714,15.42857143,49.14285714,0,1,1
"206",15,6.1,6.2,35.3,-0.1362,-0.1288,"2017-10-27",6.090000153,6.050000191,6.050000191,6.070000172,12482000,6.169317119,60.42857143,15.28571429,48.42857143,0,1,1
"207",21.6,6.1,6.1,35.8,-0.138,-0.1304,"2017-10-30",6.139999866,6.070000172,6.099999905,6.099999905,5725000,6.144564859,63,14.71428571,46.85714286,0,1,1
"208",32,6.1,6.1,35.4,-0.1386,-0.1307,"2017-10-31",6.190000057,6.099999905,6.130000114,6.139999866,16536200,6.163537892,61,14.42857143,46.71428571,0,0,-1
"209",43.4,6.1,6.1,34.3,-0.1366,-0.1314,"2017-11-01",6.179999828,6.130000114,6.130000114,6.139999866,8196300,6.179782966,59,14.14285714,46.57142857,0,1,1
"210",44.8,6.1,6.1,33.2,-0.1241,-0.1314,"2017-11-02",6.179999828,6.139999866,6.150000095,6.159999847,6448800,6.181146467,57,13.85714286,46.42857143,0,1,1
"211",52.1,6.1,6.1,32.2,-0.1061,-0.1302,"2017-11-03",6.239999771,6.139999866,6.170000076,6.210000038,14822700,6.168707105,55,13.57142857,46.28571429,0,0,-1
"212",66.1,6.1,6.1,30.2,-0.0798,-0.1251,"2017-11-06",6.230000019,6.190000057,6.210000038,6.210000038,7798400,6.149877736,49.28571429,12.71428571,45.57142857,0,1,1
"213",69.3,6.2,6.1,28.4,-0.0506,-0.1162,"2017-11-07",6.300000191,6.190000057,6.199999809,6.25,11699400,6.149491147,47.57142857,12.42857143,45.14285714,0,0,-1
"214",76.7,6.2,6.2,27.1,-0.0249,-0.1039,"2017-11-07",6.300000191,6.190000057,6.199999809,6.25,11699400,6.149491147,47.57142857,12.42857143,45.14285714,0,0,-1
"215",78.8,6.2,6.2,25.8,-0.0104,-0.0899,"2017-11-08",6.25,6.179999828,6.230000019,6.179999828,5833900,6.138370801,45.85714286,12.14285714,44.71428571,0,1,1
"216",55.8,6.2,6.2,24.4,0.0069,-0.0738,"2017-11-09",6.239999771,6.159999847,6.159999847,6.210000038,5458100,6.118317037,44.14285714,11.85714286,44.28571429,0,0,-1
"217",62.8,6.2,6.2,22.8,0.0186,-0.0563,"2017-11-10",6.239999771,6.179999828,6.21999979,6.179999828,8262300,6.099950365,42.42857143,11.57142857,43.85714286,0,0,-1
"218",55.5,6.2,6.2,21.3,0.0184,-0.0391,"2017-11-13",6.199999809,6.130000114,6.179999828,6.130000114,7824000,6.092663471,42.14285714,11.71428571,42.42857143,1,0,-1
"219",43.7,6.2,6.2,20.5,0.0085,-0.0244,"2017-11-14",6.179999828,6.050000191,6.130000114,6.090000153,7904400,6.080078572,45.28571429,12.42857143,41.85714286,0,0,-1
"220",35.5,6.2,6.2,20.8,-0.016,-0.0144,"2017-11-15",6.110000134,6,6.090000153,6,12182400,6.056163526,48.42857143,13.14285714,41.28571429,0,0,-1
"221",23.4,6.1,6.2,21.7,-0.049,-0.0109,"2017-11-16",6.03000021,5.880000114,5.929999828,5.920000076,11864600,6.030842596,51.57142857,13.85714286,40.71428571,1,1,1
"222",16.2,6.1,6.1,23.4,-0.0624,-0.0123,"2017-11-17",6.019999981,5.920000076,5.929999828,6,12502900,6.013660558,54.71428571,14.57142857,40.14285714,0,0,-1
"223",31.4,6,6.1,25.1,-0.0852,-0.0189,"2017-11-20",6.019999981,5.980000019,6,5.980000019,8121700,5.981160256,59.14285714,16.28571429,39.14285714,0,0,-1
"224",29,6,6,26.6,-0.1104,-0.0301,"2017-11-21",6,5.949999809,5.96999979,5.949999809,7720500,5.962014319,57.28571429,16.57142857,39.28571429,0,0,-1
"225",25.7,6,6,28.2,-0.1284,-0.0451,"2017-11-22",5.980000019,5.940000057,5.960000038,5.949999809,11100400,5.949743397,55.42857143,16.85714286,39.42857143,0,1,1
"226",24.8,6,6,29.9,-0.1364,-0.0623,"2017-11-23",6.059999943,5.949999809,5.96999979,5.980000019,6929200,5.952610258,53.57142857,17.14285714,39.57142857,0,0,-1
"227",31.8,6,6,29.7,-0.1312,-0.0789,"2017-11-23",6.059999943,5.949999809,5.96999979,5.980000019,6929200,5.952610258,53.57142857,17.14285714,39.57142857,1,0,-1
"228",32,6,6,29.5,-0.1149,-0.0927,"2017-11-23",6.059999943,5.949999809,5.96999979,5.980000019,6929200,5.952610258,53.57142857,17.14285714,39.57142857,0,0,-1
"229",33.1,6,6,29.4,-0.1128,-0.1034,"2017-11-24",5.989999771,5.960000038,5.980000019,5.980000019,4506300,5.967036874,51.71428571,17.42857143,39.71428571,0,0,-1
"230",34.7,6,6,29.2,-0.1092,-0.1101,"2017-11-27",6,5.929999828,6,5.96999979,6946000,5.962410972,46.14285714,17.71428571,41.14285714,0,0,-1
"231",33.8,6,6,29.5,-0.1075,-0.1151,"2017-11-28",5.96999979,5.929999828,5.949999809,5.929999828,11081800,5.948343702,44.28571429,17.42857143,42.28571429,1,1,1
"232",27.8,6,6,29.7,-0.1039,-0.1172,"2017-11-29",5.96999979,5.909999847,5.949999809,5.940000057,11308300,5.950105395,42.42857143,17.14285714,43.42857143,0,1,1
"233",33.7,6,6,30.2,-0.092,-0.1152,"2017-11-30",6.090000153,5.940000057,5.940000057,6.050000191,47423000,5.970498217,40.57142857,16.85714286,44.57142857,0,0,-1
"234",66.5,6,6,28.1,-0.0785,-0.1096,"2017-12-01",6.050000191,6.050000191,6.050000191,6.050000191,0,5.997945465,38.71428571,16.57142857,45.71428571,0,0,-1
"235",70.3,6,6,26.2,-0.0755,-0.1028,"2017-12-04",6.03000021,5.949999809,6.010000229,5.949999809,19065500,6.019367451,37.14285714,15.42857143,47.85714286,0,1,1
"236",45.1,6,6,25.8,-0.0696,-0.096,"2017-12-05",6,5.949999809,5.949999809,5.96999979,11611300,6.023247055,39.28571429,14.85714286,47.71428571,0,0,-1
"237",48.4,6,6,25.5,-0.0604,-0.0899,"2017-12-06",6.019999981,5.949999809,5.949999809,5.96999979,21382900,6.038819174,41.42857143,14.28571429,47.57142857,0,0,-1
"238",48.7,6,6,24.8,-0.0454,-0.0824,"2017-12-07",6.039999962,5.96999979,6,5.96999979,23724000,6.059919597,43.57142857,13.71428571,47.42857143,1,0,-1
"239",48.8,6,6,23.7,-0.0314,-0.0738,"2017-12-08",5.989999771,5.949999809,5.96999979,5.960000038,8558200,6.075789094,45.71428571,13.14285714,47.28571429,0,0,-1
"240",45.6,6,6,23.1,-0.0342,-0.0657,"2017-12-11",5.96999979,5.920000076,5.920000076,5.949999809,9418900,6.101172096,49.71428571,11.85714286,45.85714286,0,1,1
"241",42.2,6,6,22.9,-0.0156,-0.0558,"2017-12-12",6.190000057,5.929999828,5.940000057,6.179999828,5912300,6.128604195,49.42857143,11.71428571,44.71428571,0,0,-1
"242",76.8,6,6,22.9,0.0184,-0.0436,"2017-12-13",6.25,6.070000172,6.159999847,6.179999828,14576200,6.162210881,49.14285714,11.57142857,43.57142857,0,1,1
"243",77.8,6,6,23.3,0.0682,-0.0273,"2017-12-14",6.440000057,6.150000095,6.179999828,6.369999886,26865200,6.190017827,48.85714286,11.42857143,42.42857143,0,0,-1
